id,product_option_id,product_id,option_id,option_value_id,quantity,is_default,is_active,subtract,price,price_prefix,required,sort_order,created_at,updated_at
1,1,1001,1003,1017,0,0,1,0,0,,0,3,2023/3/8 00:00,2023/3/8 00:00
2,1,1001,1003,1018,0,0,1,0,0,,0,4,2023/3/8 00:00,2023/3/8 00:00
3,1,1001,1003,1019,0,0,1,0,0,,0,5,2023/3/8 00:00,2023/3/8 00:00
4,1,1001,1003,1020,0,0,1,0,0,,0,6,2023/3/8 00:00,2023/3/8 00:00
5,1,1001,1003,1021,0,0,1,0,0,,0,7,2023/3/8 00:00,2023/3/8 00:00
6,1,1001,1003,1022,0,0,1,0,0,,0,8,2023/3/8 00:00,2023/3/8 00:00
7,2,1001,1004,1023,0,0,1,0,10,+,0,1,2023/3/8 00:00,2023/3/8 00:00
8,2,1001,1004,1024,0,0,1,0,10,+,0,2,2023/3/8 00:00,2023/3/8 00:00
9,2,1001,1004,1025,0,0,1,0,10,+,0,3,2023/3/8 00:00,2023/3/8 00:00
10,2,1001,1004,1026,0,0,1,0,10,+,0,4,2023/3/8 00:00,2023/3/8 00:00
11,2,1001,1004,1027,0,0,1,0,10,+,0,5,2023/3/8 00:00,2023/3/8 00:00
12,2,1001,1004,1028,0,0,1,0,10,+,0,6,2023/3/8 00:00,2023/3/8 00:00
13,3,1001,1005,1035,0,1,1,0,0,,0,1,2023/3/8 00:00,2023/3/8 00:00
14,3,1001,1005,1036,0,1,1,0,0,,0,2,2023/3/8 00:00,2023/3/8 00:00
15,3,1001,1005,1037,0,1,1,0,0,,0,3,2023/3/8 00:00,2023/3/8 00:00
16,3,1001,1005,1038,0,1,1,0,0,,0,4,2023/3/8 00:00,2023/3/8 00:00
17,3,1001,1005,1039,0,1,1,0,0,,0,5,2023/3/8 00:00,2023/3/8 00:00
18,3,1001,1005,1040,0,1,1,0,0,,0,6,2023/3/8 00:00,2023/3/8 00:00
19,4,1001,1006,1041,0,0,1,0,0,,0,1,2023/3/8 00:00,2023/3/8 00:00
20,4,1001,1006,1042,0,0,1,0,0,,0,2,2023/3/8 00:00,2023/3/8 00:00
21,5,1002,1003,1017,0,0,1,0,0,,0,3,2023/3/8 00:00,2023/3/8 00:00
22,5,1002,1003,1018,0,0,1,0,0,,0,4,2023/3/8 00:00,2023/3/8 00:00
23,5,1002,1003,1019,0,0,1,0,0,,0,5,2023/3/8 00:00,2023/3/8 00:00
24,5,1002,1003,1020,0,0,1,0,0,,0,6,2023/3/8 00:00,2023/3/8 00:00
25,5,1002,1003,1021,0,0,1,0,0,,0,7,2023/3/8 00:00,2023/3/8 00:00
26,5,1002,1003,1022,0,0,1,0,0,,0,8,2023/3/8 00:00,2023/3/8 00:00
27,6,1002,1004,1023,0,0,1,0,10,+,0,1,2023/3/8 00:00,2023/3/8 00:00
28,6,1002,1004,1024,0,0,1,0,10,+,0,2,2023/3/8 00:00,2023/3/8 00:00
29,6,1002,1004,1025,0,0,1,0,10,+,0,3,2023/3/8 00:00,2023/3/8 00:00
30,6,1002,1004,1026,0,0,1,0,10,+,0,4,2023/3/8 00:00,2023/3/8 00:00
31,6,1002,1004,1027,0,0,1,0,10,+,0,5,2023/3/8 00:00,2023/3/8 00:00
32,6,1002,1004,1028,0,0,1,0,10,+,0,6,2023/3/8 00:00,2023/3/8 00:00
33,7,1002,1005,1035,0,1,1,0,0,,0,1,2023/3/8 00:00,2023/3/8 00:00
34,7,1002,1005,1036,0,1,1,0,0,,0,2,2023/3/8 00:00,2023/3/8 00:00
35,7,1002,1005,1037,0,1,1,0,0,,0,3,2023/3/8 00:00,2023/3/8 00:00
36,7,1002,1005,1038,0,1,1,0,0,,0,4,2023/3/8 00:00,2023/3/8 00:00
37,7,1002,1005,1039,0,1,1,0,0,,0,5,2023/3/8 00:00,2023/3/8 00:00
38,7,1002,1005,1040,0,1,1,0,0,,0,6,2023/3/8 00:00,2023/3/8 00:00
39,8,1002,1006,1041,0,0,1,0,0,,0,1,2023/3/8 00:00,2023/3/8 00:00
40,8,1002,1006,1042,0,0,1,0,0,,0,2,2023/3/8 00:00,2023/3/8 00:00
41,9,1002,1007,1043,0,1,1,0,0,,0,1,2023/3/8 00:00,2023/3/8 00:00
42,10,1003,1003,1017,0,0,1,0,0,,0,3,2023/3/8 00:00,2023/3/8 00:00
43,10,1003,1003,1018,0,0,1,0,0,,0,4,2023/3/8 00:00,2023/3/8 00:00
44,10,1003,1003,1019,0,0,1,0,0,,0,5,2023/3/8 00:00,2023/3/8 00:00
45,10,1003,1003,1020,0,0,1,0,0,,0,6,2023/3/8 00:00,2023/3/8 00:00
46,10,1003,1003,1021,0,0,1,0,0,,0,7,2023/3/8 00:00,2023/3/8 00:00
47,10,1003,1003,1022,0,0,1,0,0,,0,8,2023/3/8 00:00,2023/3/8 00:00
48,11,1003,1004,1023,0,0,1,0,10,+,0,1,2023/3/8 00:00,2023/3/8 00:00
49,11,1003,1004,1024,0,0,1,0,10,+,0,2,2023/3/8 00:00,2023/3/8 00:00
50,11,1003,1004,1025,0,0,1,0,10,+,0,3,2023/3/8 00:00,2023/3/8 00:00
51,11,1003,1004,1026,0,0,1,0,10,+,0,4,2023/3/8 00:00,2023/3/8 00:00
52,11,1003,1004,1027,0,0,1,0,10,+,0,5,2023/3/8 00:00,2023/3/8 00:00
53,11,1003,1004,1028,0,0,1,0,10,+,0,6,2023/3/8 00:00,2023/3/8 00:00
54,12,1003,1005,1035,0,1,1,0,0,,0,1,2023/3/8 00:00,2023/3/8 00:00
55,12,1003,1005,1036,0,1,1,0,0,,0,2,2023/3/8 00:00,2023/3/8 00:00
56,12,1003,1005,1037,0,1,1,0,0,,0,3,2023/3/8 00:00,2023/3/8 00:00
57,12,1003,1005,1038,0,1,1,0,0,,0,4,2023/3/8 00:00,2023/3/8 00:00
58,12,1003,1005,1039,0,1,1,0,0,,0,5,2023/3/8 00:00,2023/3/8 00:00
59,12,1003,1005,1040,0,1,1,0,0,,0,6,2023/3/8 00:00,2023/3/8 00:00
60,13,1003,1006,1041,0,0,1,0,0,,0,1,2023/3/8 00:00,2023/3/8 00:00
61,13,1003,1006,1042,0,0,1,0,0,,0,2,2023/3/8 00:00,2023/3/8 00:00
62,14,1003,1007,1044,0,1,1,0,0,,0,2,2023/3/8 00:00,2023/3/8 00:00
63,15,1004,1003,1017,0,0,1,0,0,,0,3,2023/3/8 00:00,2023/3/8 00:00
64,15,1004,1003,1018,0,0,1,0,0,,0,4,2023/3/8 00:00,2023/3/8 00:00
65,15,1004,1003,1019,0,0,1,0,0,,0,5,2023/3/8 00:00,2023/3/8 00:00
66,15,1004,1003,1020,0,0,1,0,0,,0,6,2023/3/8 00:00,2023/3/8 00:00
67,15,1004,1003,1021,0,0,1,0,0,,0,7,2023/3/8 00:00,2023/3/8 00:00
68,15,1004,1003,1022,0,0,1,0,0,,0,8,2023/3/8 00:00,2023/3/8 00:00
69,16,1004,1004,1023,0,0,1,0,10,+,0,1,2023/3/8 00:00,2023/3/8 00:00
70,16,1004,1004,1024,0,0,1,0,10,+,0,2,2023/3/8 00:00,2023/3/8 00:00
71,16,1004,1004,1025,0,0,1,0,10,+,0,3,2023/3/8 00:00,2023/3/8 00:00
72,16,1004,1004,1026,0,0,1,0,10,+,0,4,2023/3/8 00:00,2023/3/8 00:00
73,16,1004,1004,1027,0,0,1,0,10,+,0,5,2023/3/8 00:00,2023/3/8 00:00
74,16,1004,1004,1028,0,0,1,0,10,+,0,6,2023/3/8 00:00,2023/3/8 00:00
75,17,1004,1005,1035,0,1,1,0,0,,0,1,2023/3/8 00:00,2023/3/8 00:00
76,17,1004,1005,1036,0,1,1,0,0,,0,2,2023/3/8 00:00,2023/3/8 00:00
77,17,1004,1005,1037,0,1,1,0,0,,0,3,2023/3/8 00:00,2023/3/8 00:00
78,17,1004,1005,1038,0,1,1,0,0,,0,4,2023/3/8 00:00,2023/3/8 00:00
79,17,1004,1005,1039,0,1,1,0,0,,0,5,2023/3/8 00:00,2023/3/8 00:00
80,17,1004,1005,1040,0,1,1,0,0,,0,6,2023/3/8 00:00,2023/3/8 00:00
81,18,1004,1006,1041,0,0,1,0,0,,0,1,2023/3/8 00:00,2023/3/8 00:00
82,18,1004,1006,1042,0,0,1,0,0,,0,2,2023/3/8 00:00,2023/3/8 00:00
83,19,1004,1007,1045,0,1,1,0,0,,0,3,2023/3/8 00:00,2023/3/8 00:00
84,20,1005,1003,1017,0,0,1,0,0,,0,3,2023/3/8 00:00,2023/3/8 00:00
85,20,1005,1003,1018,0,0,1,0,0,,0,4,2023/3/8 00:00,2023/3/8 00:00
86,20,1005,1003,1019,0,0,1,0,0,,0,5,2023/3/8 00:00,2023/3/8 00:00
87,20,1005,1003,1020,0,0,1,0,0,,0,6,2023/3/8 00:00,2023/3/8 00:00
88,20,1005,1003,1021,0,0,1,0,0,,0,7,2023/3/8 00:00,2023/3/8 00:00
89,20,1005,1003,1022,0,0,1,0,0,,0,8,2023/3/8 00:00,2023/3/8 00:00
90,21,1005,1004,1023,0,0,1,0,0,,0,1,2023/3/8 00:00,2023/3/8 00:00
91,21,1005,1004,1024,0,0,1,0,0,,0,2,2023/3/8 00:00,2023/3/8 00:00
92,21,1005,1004,1025,0,0,1,0,0,,0,3,2023/3/8 00:00,2023/3/8 00:00
93,21,1005,1004,1026,0,0,1,0,0,,0,4,2023/3/8 00:00,2023/3/8 00:00
94,21,1005,1004,1027,0,0,1,0,0,,0,5,2023/3/8 00:00,2023/3/8 00:00
95,21,1005,1004,1028,0,0,1,0,0,,0,6,2023/3/8 00:00,2023/3/8 00:00
96,22,1005,1005,1029,0,1,1,0,0,,0,1,2023/3/8 00:00,2023/3/8 00:00
97,22,1005,1005,1030,0,0,1,0,0,,0,2,2023/3/8 00:00,2023/3/8 00:00
98,22,1005,1005,1031,0,0,1,0,0,,0,3,2023/3/8 00:00,2023/3/8 00:00
99,22,1005,1005,1032,0,0,1,0,0,,0,4,2023/3/8 00:00,2023/3/8 00:00
100,23,1005,1006,1041,0,0,1,0,0,,0,1,2023/3/8 00:00,2023/3/8 00:00
101,23,1005,1006,1042,0,0,1,0,0,,0,2,2023/3/8 00:00,2023/3/8 00:00
102,24,1006,1003,1017,0,0,1,0,0,,0,3,2023/3/8 00:00,2023/3/8 00:00
103,24,1006,1003,1018,0,0,1,0,0,,0,4,2023/3/8 00:00,2023/3/8 00:00
104,24,1006,1003,1019,0,0,1,0,0,,0,5,2023/3/8 00:00,2023/3/8 00:00
105,24,1006,1003,1020,0,0,1,0,0,,0,6,2023/3/8 00:00,2023/3/8 00:00
106,24,1006,1003,1021,0,0,1,0,0,,0,7,2023/3/8 00:00,2023/3/8 00:00
107,24,1006,1003,1022,0,0,1,0,0,,0,8,2023/3/8 00:00,2023/3/8 00:00
108,25,1006,1004,1023,0,0,1,0,0,,0,1,2023/3/8 00:00,2023/3/8 00:00
109,25,1006,1004,1024,0,0,1,0,0,,0,2,2023/3/8 00:00,2023/3/8 00:00
110,25,1006,1004,1025,0,0,1,0,0,,0,3,2023/3/8 00:00,2023/3/8 00:00
111,25,1006,1004,1026,0,0,1,0,0,,0,4,2023/3/8 00:00,2023/3/8 00:00
112,25,1006,1004,1027,0,0,1,0,0,,0,5,2023/3/8 00:00,2023/3/8 00:00
113,25,1006,1004,1028,0,0,1,0,0,,0,6,2023/3/8 00:00,2023/3/8 00:00
114,26,1006,1005,1029,0,1,1,0,0,,0,1,2023/3/8 00:00,2023/3/8 00:00
115,26,1006,1005,1030,0,1,1,0,0,,0,2,2023/3/8 00:00,2023/3/8 00:00
116,26,1006,1005,1031,0,0,1,0,0,,0,3,2023/3/8 00:00,2023/3/8 00:00
117,26,1006,1005,1032,0,0,1,0,0,,0,4,2023/3/8 00:00,2023/3/8 00:00
118,27,1006,1006,1041,0,0,1,0,0,,0,1,2023/3/8 00:00,2023/3/8 00:00
119,27,1006,1006,1042,0,0,1,0,0,,0,2,2023/3/8 00:00,2023/3/8 00:00
120,28,1007,1003,1017,0,0,1,0,0,,0,3,2023/3/8 00:00,2023/3/8 00:00
121,28,1007,1003,1018,0,0,1,0,0,,0,4,2023/3/8 00:00,2023/3/8 00:00
122,28,1007,1003,1019,0,0,1,0,0,,0,5,2023/3/8 00:00,2023/3/8 00:00
123,28,1007,1003,1020,0,0,1,0,0,,0,6,2023/3/8 00:00,2023/3/8 00:00
124,28,1007,1003,1021,0,0,1,0,0,,0,7,2023/3/8 00:00,2023/3/8 00:00
125,28,1007,1003,1022,0,0,1,0,0,,0,8,2023/3/8 00:00,2023/3/8 00:00
126,29,1007,1004,1023,0,0,1,0,0,,0,1,2023/3/8 00:00,2023/3/8 00:00
127,29,1007,1004,1024,0,0,1,0,0,,0,2,2023/3/8 00:00,2023/3/8 00:00
128,29,1007,1004,1025,0,0,1,0,0,,0,3,2023/3/8 00:00,2023/3/8 00:00
129,29,1007,1004,1026,0,0,1,0,0,,0,4,2023/3/8 00:00,2023/3/8 00:00
130,29,1007,1004,1027,0,0,1,0,0,,0,5,2023/3/8 00:00,2023/3/8 00:00
131,29,1007,1004,1028,0,0,1,0,0,,0,6,2023/3/8 00:00,2023/3/8 00:00
132,30,1007,1005,1029,0,1,1,0,0,,0,1,2023/3/8 00:00,2023/3/8 00:00
133,30,1007,1005,1030,0,1,1,0,0,,0,2,2023/3/8 00:00,2023/3/8 00:00
134,30,1007,1005,1031,0,1,1,0,0,,0,3,2023/3/8 00:00,2023/3/8 00:00
135,30,1007,1005,1032,0,0,1,0,0,,0,4,2023/3/8 00:00,2023/3/8 00:00
136,31,1007,1006,1041,0,0,1,0,0,,0,1,2023/3/8 00:00,2023/3/8 00:00
137,31,1007,1006,1042,0,0,1,0,0,,0,2,2023/3/8 00:00,2023/3/8 00:00
138,32,1008,1003,1017,0,0,1,0,0,,0,3,2023/3/8 00:00,2023/3/8 00:00
139,32,1008,1003,1018,0,0,1,0,0,,0,4,2023/3/8 00:00,2023/3/8 00:00
140,32,1008,1003,1019,0,0,1,0,0,,0,5,2023/3/8 00:00,2023/3/8 00:00
141,32,1008,1003,1020,0,0,1,0,0,,0,6,2023/3/8 00:00,2023/3/8 00:00
142,32,1008,1003,1021,0,0,1,0,0,,0,7,2023/3/8 00:00,2023/3/8 00:00
143,32,1008,1003,1022,0,0,1,0,0,,0,8,2023/3/8 00:00,2023/3/8 00:00
144,33,1008,1004,1023,0,0,1,0,0,,0,1,2023/3/8 00:00,2023/3/8 00:00
145,33,1008,1004,1024,0,0,1,0,0,,0,2,2023/3/8 00:00,2023/3/8 00:00
146,33,1008,1004,1025,0,0,1,0,0,,0,3,2023/3/8 00:00,2023/3/8 00:00
147,33,1008,1004,1026,0,0,1,0,0,,0,4,2023/3/8 00:00,2023/3/8 00:00
148,33,1008,1004,1027,0,0,1,0,0,,0,5,2023/3/8 00:00,2023/3/8 00:00
149,33,1008,1004,1028,0,0,1,0,0,,0,6,2023/3/8 00:00,2023/3/8 00:00
150,34,1008,1005,1029,0,1,1,0,0,,0,1,2023/3/8 00:00,2023/3/8 00:00
151,34,1008,1005,1030,0,1,1,0,0,,0,2,2023/3/8 00:00,2023/3/8 00:00
152,34,1008,1005,1031,0,1,1,0,0,,0,3,2023/3/8 00:00,2023/3/8 00:00
153,34,1008,1005,1032,0,1,1,0,0,,0,4,2023/3/8 00:00,2023/3/8 00:00
154,35,1008,1006,1041,0,0,1,0,0,,0,1,2023/3/8 00:00,2023/3/8 00:00
155,35,1008,1006,1042,0,0,1,0,0,,0,2,2023/3/8 00:00,2023/3/8 00:00
156,86,1009,1003,1017,0,0,1,0,0,,0,3,2023/3/8 00:00,2023/3/8 00:00
157,86,1009,1003,1018,0,0,1,0,0,,0,4,2023/3/8 00:00,2023/3/8 00:00
158,86,1009,1003,1019,0,0,1,0,0,,0,5,2023/3/8 00:00,2023/3/8 00:00
159,86,1009,1003,1020,0,0,1,0,0,,0,6,2023/3/8 00:00,2023/3/8 00:00
160,86,1009,1003,1021,0,0,1,0,0,,0,7,2023/3/8 00:00,2023/3/8 00:00
161,86,1009,1003,1022,0,0,1,0,0,,0,8,2023/3/8 00:00,2023/3/8 00:00
162,87,1009,1006,1041,0,0,1,0,0,,0,1,2023/3/8 00:00,2023/3/8 00:00
163,36,1050,1003,1017,0,1,1,0,0,,0,1,2023/3/8 00:00,2023/3/8 00:00
164,37,1050,1004,1023,0,0,1,0,10,+,0,1,2023/3/8 00:00,2023/3/8 00:00
165,37,1050,1004,1024,0,0,1,0,10,+,0,2,2023/3/8 00:00,2023/3/8 00:00
166,37,1050,1004,1025,0,0,1,0,10,+,0,3,2023/3/8 00:00,2023/3/8 00:00
167,37,1050,1004,1026,0,0,1,0,10,+,0,4,2023/3/8 00:00,2023/3/8 00:00
168,37,1050,1004,1027,0,0,1,0,10,+,0,5,2023/3/8 00:00,2023/3/8 00:00
169,37,1050,1004,1028,0,0,1,0,10,+,0,6,2023/3/8 00:00,2023/3/8 00:00
170,38,1050,1005,1035,0,1,1,0,0,,0,1,2023/3/8 00:00,2023/3/8 00:00
171,38,1050,1005,1036,0,1,1,0,0,,0,2,2023/3/8 00:00,2023/3/8 00:00
172,38,1050,1005,1037,0,1,1,0,0,,0,3,2023/3/8 00:00,2023/3/8 00:00
173,38,1050,1005,1038,0,1,1,0,0,,0,4,2023/3/8 00:00,2023/3/8 00:00
174,38,1050,1005,1039,0,1,1,0,0,,0,5,2023/3/8 00:00,2023/3/8 00:00
175,38,1050,1005,1029,0,1,1,0,0,,0,6,2023/3/8 00:00,2023/3/8 00:00
176,39,1050,1006,1042,0,0,1,0,0,,0,1,2023/3/8 00:00,2023/3/8 00:00
177,40,1046,1003,1017,0,0,1,0,0,,0,1,2023/3/8 00:00,2023/3/8 00:00
178,41,1046,1004,1023,0,0,1,0,0,,0,1,2023/3/8 00:00,2023/3/8 00:00
179,41,1046,1004,1024,0,0,1,0,0,,0,2,2023/3/8 00:00,2023/3/8 00:00
180,41,1046,1004,1025,0,0,1,0,0,,0,3,2023/3/8 00:00,2023/3/8 00:00
181,41,1046,1004,1026,0,0,1,0,0,,0,4,2023/3/8 00:00,2023/3/8 00:00
182,41,1046,1004,1027,0,0,1,0,0,,0,5,2023/3/8 00:00,2023/3/8 00:00
183,41,1046,1004,1028,0,0,1,0,0,,0,6,2023/3/8 00:00,2023/3/8 00:00
184,42,1046,1005,1029,0,1,1,0,0,,0,1,2023/3/8 00:00,2023/3/8 00:00
185,42,1046,1005,1030,0,0,1,0,0,,0,2,2023/3/8 00:00,2023/3/8 00:00
186,42,1046,1005,1033,0,0,1,0,0,,0,3,2023/3/8 00:00,2023/3/8 00:00
187,42,1046,1005,1034,0,0,1,0,0,,0,4,2023/3/8 00:00,2023/3/8 00:00
188,43,1046,1006,1042,0,0,1,0,0,,0,1,2023/3/8 00:00,2023/3/8 00:00
189,44,1047,1003,1017,0,0,1,0,0,,0,1,2023/3/8 00:00,2023/3/8 00:00
190,45,1047,1004,1023,0,0,1,0,0,,0,1,2023/3/8 00:00,2023/3/8 00:00
191,45,1047,1004,1024,0,0,1,0,0,,0,2,2023/3/8 00:00,2023/3/8 00:00
192,45,1047,1004,1025,0,0,1,0,0,,0,3,2023/3/8 00:00,2023/3/8 00:00
193,45,1047,1004,1026,0,0,1,0,0,,0,4,2023/3/8 00:00,2023/3/8 00:00
194,45,1047,1004,1027,0,0,1,0,0,,0,5,2023/3/8 00:00,2023/3/8 00:00
195,45,1047,1004,1028,0,0,1,0,0,,0,6,2023/3/8 00:00,2023/3/8 00:00
196,46,1047,1005,1029,0,1,1,0,0,,0,1,2023/3/8 00:00,2023/3/8 00:00
197,46,1047,1005,1030,0,1,1,0,0,,0,2,2023/3/8 00:00,2023/3/8 00:00
198,46,1047,1005,1033,0,0,1,0,0,,0,3,2023/3/8 00:00,2023/3/8 00:00
199,46,1047,1005,1034,0,0,1,0,0,,0,4,2023/3/8 00:00,2023/3/8 00:00
200,47,1047,1006,1042,0,0,1,0,0,,0,1,2023/3/8 00:00,2023/3/8 00:00
201,48,1048,1003,1017,0,0,1,0,0,,0,1,2023/3/8 00:00,2023/3/8 00:00
202,49,1048,1004,1023,0,0,1,0,0,,0,1,2023/3/8 00:00,2023/3/8 00:00
203,49,1048,1004,1024,0,0,1,0,0,,0,2,2023/3/8 00:00,2023/3/8 00:00
204,49,1048,1004,1025,0,0,1,0,0,,0,3,2023/3/8 00:00,2023/3/8 00:00
205,49,1048,1004,1026,0,0,1,0,0,,0,4,2023/3/8 00:00,2023/3/8 00:00
206,49,1048,1004,1027,0,0,1,0,0,,0,5,2023/3/8 00:00,2023/3/8 00:00
207,49,1048,1004,1028,0,0,1,0,0,,0,6,2023/3/8 00:00,2023/3/8 00:00
208,50,1048,1005,1029,0,1,1,0,0,,0,1,2023/3/8 00:00,2023/3/8 00:00
209,50,1048,1005,1030,0,1,1,0,0,,0,2,2023/3/8 00:00,2023/3/8 00:00
210,50,1048,1005,1033,0,1,1,0,0,,0,3,2023/3/8 00:00,2023/3/8 00:00
211,50,1048,1005,1034,0,0,1,0,0,,0,4,2023/3/8 00:00,2023/3/8 00:00
212,51,1048,1006,1042,0,0,1,0,0,,0,1,2023/3/8 00:00,2023/3/8 00:00
213,52,1049,1003,1017,0,0,1,0,0,,0,1,2023/3/8 00:00,2023/3/8 00:00
214,53,1049,1004,1023,0,0,1,0,0,,0,1,2023/3/8 00:00,2023/3/8 00:00
215,53,1049,1004,1024,0,0,1,0,0,,0,2,2023/3/8 00:00,2023/3/8 00:00
216,53,1049,1004,1025,0,0,1,0,0,,0,3,2023/3/8 00:00,2023/3/8 00:00
217,53,1049,1004,1026,0,0,1,0,0,,0,4,2023/3/8 00:00,2023/3/8 00:00
218,53,1049,1004,1027,0,0,1,0,0,,0,5,2023/3/8 00:00,2023/3/8 00:00
219,53,1049,1004,1028,0,0,1,0,0,,0,6,2023/3/8 00:00,2023/3/8 00:00
220,54,1049,1005,1029,0,1,1,0,0,,0,1,2023/3/8 00:00,2023/3/8 00:00
221,54,1049,1005,1030,0,1,1,0,0,,0,2,2023/3/8 00:00,2023/3/8 00:00
222,54,1049,1005,1033,0,1,1,0,0,,0,3,2023/3/8 00:00,2023/3/8 00:00
223,54,1049,1005,1034,0,1,1,0,0,,0,4,2023/3/8 00:00,2023/3/8 00:00
224,55,1049,1006,1042,0,0,1,0,0,,0,1,2023/3/8 00:00,2023/3/8 00:00
225,60,1051,1003,1046,0,1,1,0,0,,0,1,2023/3/8 00:00,2023/3/8 00:00
226,61,1051,1004,1023,0,0,1,0,0,,0,1,2023/3/8 00:00,2023/3/8 00:00
227,61,1051,1004,1024,0,0,1,0,0,,0,2,2023/3/8 00:00,2023/3/8 00:00
228,61,1051,1004,1025,0,0,1,0,0,,0,3,2023/3/8 00:00,2023/3/8 00:00
229,61,1051,1004,1026,0,0,1,0,0,,0,4,2023/3/8 00:00,2023/3/8 00:00
230,61,1051,1004,1027,0,0,1,0,0,,0,5,2023/3/8 00:00,2023/3/8 00:00
231,61,1051,1004,1028,0,0,1,0,0,,0,6,2023/3/8 00:00,2023/3/8 00:00
232,62,1051,1005,1029,0,1,1,0,0,,0,1,2023/3/8 00:00,2023/3/8 00:00
233,62,1051,1005,1033,0,0,1,0,0,,0,2,2023/3/8 00:00,2023/3/8 00:00
234,62,1051,1005,1034,0,0,1,0,0,,0,3,2023/3/8 00:00,2023/3/8 00:00
235,62,1051,1005,1038,0,0,1,0,0,,0,4,2023/3/8 00:00,2023/3/8 00:00
236,63,1051,1006,1042,0,0,1,0,0,,0,1,2023/3/8 00:00,2023/3/8 00:00
237,64,1052,1003,1046,0,1,1,0,0,,0,1,2023/3/8 00:00,2023/3/8 00:00
238,65,1052,1004,1023,0,0,1,0,0,,0,1,2023/3/8 00:00,2023/3/8 00:00
239,65,1052,1004,1024,0,0,1,0,0,,0,2,2023/3/8 00:00,2023/3/8 00:00
240,65,1052,1004,1025,0,0,1,0,0,,0,3,2023/3/8 00:00,2023/3/8 00:00
241,65,1052,1004,1026,0,0,1,0,0,,0,4,2023/3/8 00:00,2023/3/8 00:00
242,65,1052,1004,1027,0,0,1,0,0,,0,5,2023/3/8 00:00,2023/3/8 00:00
243,65,1052,1004,1028,0,0,1,0,0,,0,6,2023/3/8 00:00,2023/3/8 00:00
244,66,1052,1005,1029,0,1,1,0,0,,0,1,2023/3/8 00:00,2023/3/8 00:00
245,66,1052,1005,1033,0,1,1,0,0,,0,2,2023/3/8 00:00,2023/3/8 00:00
246,66,1052,1005,1034,0,0,1,0,0,,0,3,2023/3/8 00:00,2023/3/8 00:00
247,66,1052,1005,1038,0,0,1,0,0,,0,4,2023/3/8 00:00,2023/3/8 00:00
248,67,1052,1006,1042,0,0,1,0,0,,0,1,2023/3/8 00:00,2023/3/8 00:00
249,68,1053,1003,1046,0,1,1,0,0,,0,1,2023/3/8 00:00,2023/3/8 00:00
250,69,1053,1004,1023,0,0,1,0,0,,0,1,2023/3/8 00:00,2023/3/8 00:00
251,69,1053,1004,1024,0,0,1,0,0,,0,2,2023/3/8 00:00,2023/3/8 00:00
252,69,1053,1004,1025,0,0,1,0,0,,0,3,2023/3/8 00:00,2023/3/8 00:00
253,69,1053,1004,1026,0,0,1,0,0,,0,4,2023/3/8 00:00,2023/3/8 00:00
254,69,1053,1004,1027,0,0,1,0,0,,0,5,2023/3/8 00:00,2023/3/8 00:00
255,69,1053,1004,1028,0,0,1,0,0,,0,6,2023/3/8 00:00,2023/3/8 00:00
256,70,1053,1005,1029,0,1,1,0,0,,0,1,2023/3/8 00:00,2023/3/8 00:00
257,70,1053,1005,1033,0,1,1,0,0,,0,2,2023/3/8 00:00,2023/3/8 00:00
258,70,1053,1005,1034,0,1,1,0,0,,0,3,2023/3/8 00:00,2023/3/8 00:00
259,70,1053,1005,1038,0,0,1,0,0,,0,4,2023/3/8 00:00,2023/3/8 00:00
260,71,1053,1006,1042,0,0,1,0,0,,0,1,2023/3/8 00:00,2023/3/8 00:00
261,72,1054,1003,1046,0,1,1,0,0,,0,1,2023/3/8 00:00,2023/3/8 00:00
262,73,1054,1004,1023,0,0,1,0,0,,0,1,2023/3/8 00:00,2023/3/8 00:00
263,73,1054,1004,1024,0,0,1,0,0,,0,2,2023/3/8 00:00,2023/3/8 00:00
264,73,1054,1004,1025,0,0,1,0,0,,0,3,2023/3/8 00:00,2023/3/8 00:00
265,73,1054,1004,1026,0,0,1,0,0,,0,4,2023/3/8 00:00,2023/3/8 00:00
266,73,1054,1004,1027,0,0,1,0,0,,0,5,2023/3/8 00:00,2023/3/8 00:00
267,73,1054,1004,1028,0,0,1,0,0,,0,6,2023/3/8 00:00,2023/3/8 00:00
268,74,1054,1005,1029,0,1,1,0,0,,0,1,2023/3/8 00:00,2023/3/8 00:00
269,74,1054,1005,1033,0,1,1,0,0,,0,2,2023/3/8 00:00,2023/3/8 00:00
270,74,1054,1005,1034,0,1,1,0,0,,0,3,2023/3/8 00:00,2023/3/8 00:00
271,74,1054,1005,1038,0,1,1,0,0,,0,4,2023/3/8 00:00,2023/3/8 00:00
272,75,1054,1006,1042,0,0,1,0,0,,0,1,2023/3/8 00:00,2023/3/8 00:00
273,76,1043,1003,1017,0,0,1,0,0,+,0,3,2023/3/8 00:00,2023/3/8 00:00
274,76,1043,1003,1018,0,0,1,0,0,+,0,4,2023/3/8 00:00,2023/3/8 00:00
275,76,1043,1003,1019,0,0,1,0,0,+,0,5,2023/3/8 00:00,2023/3/8 00:00
276,76,1043,1003,1020,0,0,1,0,0,+,0,6,2023/3/8 00:00,2023/3/8 00:00
277,76,1043,1003,1021,0,0,1,0,0,+,0,7,2023/3/8 00:00,2023/3/8 00:00
278,76,1043,1003,1022,0,0,1,0,0,+,0,8,2023/3/8 00:00,2023/3/8 00:00
279,77,1043,1004,1023,0,0,1,0,10,+,0,1,2023/3/8 00:00,2023/3/8 00:00
280,77,1043,1004,1024,0,0,1,0,10,+,0,2,2023/3/8 00:00,2023/3/8 00:00
281,77,1043,1004,1025,0,0,1,0,10,+,0,3,2023/3/8 00:00,2023/3/8 00:00
282,77,1043,1004,1026,0,0,1,0,10,+,0,4,2023/3/8 00:00,2023/3/8 00:00
283,77,1043,1004,1027,0,0,1,0,10,+,0,5,2023/3/8 00:00,2023/3/8 00:00
284,77,1043,1004,1028,0,0,1,0,10,+,0,6,2023/3/8 00:00,2023/3/8 00:00
285,78,1043,1005,1035,0,0,1,0,0,,0,1,2023/3/8 00:00,2023/3/8 00:00
286,78,1043,1005,1036,0,0,1,0,0,,0,2,2023/3/8 00:00,2023/3/8 00:00
287,78,1043,1005,1037,0,0,1,0,0,,0,3,2023/3/8 00:00,2023/3/8 00:00
288,78,1043,1005,1038,0,0,1,0,0,,0,4,2023/3/8 00:00,2023/3/8 00:00
289,78,1043,1005,1039,0,0,1,0,0,,0,5,2023/3/8 00:00,2023/3/8 00:00
290,78,1043,1005,1040,0,0,1,0,0,,0,6,2023/3/8 00:00,2023/3/8 00:00
291,78,1043,1005,1029,0,0,1,0,0,,0,7,2023/3/8 00:00,2023/3/8 00:00
292,78,1043,1005,1030,0,0,1,0,0,,0,8,2023/3/8 00:00,2023/3/8 00:00
293,78,1043,1005,1031,0,0,1,0,0,,0,9,2023/3/8 00:00,2023/3/8 00:00
294,78,1043,1005,1032,0,0,1,0,0,,0,10,2023/3/8 00:00,2023/3/8 00:00
295,79,1043,1006,1041,0,0,1,0,0,,0,1,2023/3/8 00:00,2023/3/8 00:00
296,79,1043,1006,1042,0,0,1,0,0,,0,2,2023/3/8 00:00,2023/3/8 00:00
297,80,1043,1007,1043,0,1,1,0,0,,0,1,2023/3/8 00:00,2023/3/8 00:00
298,80,1043,1007,1044,0,1,1,0,0,,0,2,2023/3/8 00:00,2023/3/8 00:00
299,80,1043,1007,1045,0,1,1,0,0,,0,3,2023/3/8 00:00,2023/3/8 00:00
302,81,1044,1003,1017,0,0,1,0,0,+,0,3,2023/3/8 00:00,2023/3/8 00:00
303,81,1044,1003,1018,0,0,1,0,0,+,0,4,2023/3/8 00:00,2023/3/8 00:00
304,81,1044,1003,1019,0,0,1,0,0,+,0,5,2023/3/8 00:00,2023/3/8 00:00
305,81,1044,1003,1020,0,0,1,0,0,+,0,6,2023/3/8 00:00,2023/3/8 00:00
306,81,1044,1003,1021,0,0,1,0,0,+,0,7,2023/3/8 00:00,2023/3/8 00:00
307,81,1044,1003,1022,0,0,1,0,0,+,0,8,2023/3/8 00:00,2023/3/8 00:00
308,82,1044,1004,1023,0,0,1,0,0,,0,1,2023/3/8 00:00,2023/3/8 00:00
309,82,1044,1004,1024,0,0,1,0,0,,0,2,2023/3/8 00:00,2023/3/8 00:00
310,82,1044,1004,1025,0,0,1,0,0,,0,3,2023/3/8 00:00,2023/3/8 00:00
311,82,1044,1004,1026,0,0,1,0,0,,0,4,2023/3/8 00:00,2023/3/8 00:00
312,82,1044,1004,1027,0,0,1,0,0,,0,5,2023/3/8 00:00,2023/3/8 00:00
313,82,1044,1004,1028,0,0,1,0,0,,0,6,2023/3/8 00:00,2023/3/8 00:00
314,83,1044,1005,1035,0,0,1,0,0,,0,1,2023/3/8 00:00,2023/3/8 00:00
315,83,1044,1005,1036,0,0,1,0,0,,0,2,2023/3/8 00:00,2023/3/8 00:00
316,83,1044,1005,1037,0,0,1,0,0,,0,3,2023/3/8 00:00,2023/3/8 00:00
317,83,1044,1005,1038,0,0,1,0,0,,0,4,2023/3/8 00:00,2023/3/8 00:00
318,83,1044,1005,1039,0,0,1,0,0,,0,5,2023/3/8 00:00,2023/3/8 00:00
319,83,1044,1005,1040,0,0,1,0,0,,0,6,2023/3/8 00:00,2023/3/8 00:00
320,83,1044,1005,1029,0,0,1,0,0,,0,7,2023/3/8 00:00,2023/3/8 00:00
321,83,1044,1005,1030,0,0,1,0,0,,0,8,2023/3/8 00:00,2023/3/8 00:00
322,83,1044,1005,1031,0,0,1,0,0,,0,9,2023/3/8 00:00,2023/3/8 00:00
323,83,1044,1005,1032,0,0,1,0,0,,0,10,2023/3/8 00:00,2023/3/8 00:00
324,84,1044,1006,1041,0,0,1,0,0,,0,1,2023/3/8 00:00,2023/3/8 00:00
325,84,1044,1006,1042,0,0,1,0,0,,0,2,2023/3/8 00:00,2023/3/8 00:00
326,85,1044,1007,1043,0,1,1,0,0,,0,1,2023/3/8 00:00,2023/3/8 00:00
327,85,1044,1007,1044,0,1,1,0,0,,0,2,2023/3/8 00:00,2023/3/8 00:00
328,85,1044,1007,1045,0,1,1,0,0,,0,3,2023/3/8 00:00,2023/3/8 00:00
331,1,1001,1003,1046,0,0,1,0,0,,0,1,2023/3/8 00:00,2023/3/8 00:00
332,1,1001,1003,1047,0,0,1,0,0,,0,2,2023/3/8 00:00,2023/3/8 00:00
333,5,1002,1003,1046,0,0,1,0,0,,0,1,2023/3/8 00:00,2023/3/8 00:00
334,5,1002,1003,1047,0,0,1,0,0,,0,2,2023/3/8 00:00,2023/3/8 00:00
335,10,1003,1003,1046,0,0,1,0,0,,0,1,2023/3/8 00:00,2023/3/8 00:00
336,10,1003,1003,1047,0,0,1,0,0,,0,2,2023/3/8 00:00,2023/3/8 00:00
337,15,1004,1003,1046,0,0,1,0,0,,0,1,2023/3/8 00:00,2023/3/8 00:00
338,15,1004,1003,1047,0,0,1,0,0,,0,2,2023/3/8 00:00,2023/3/8 00:00
339,20,1005,1003,1046,0,0,1,0,0,,0,1,2023/3/8 00:00,2023/3/8 00:00
340,20,1005,1003,1047,0,0,1,0,0,,0,2,2023/3/8 00:00,2023/3/8 00:00
341,24,1006,1003,1046,0,0,1,0,0,,0,1,2023/3/8 00:00,2023/3/8 00:00
342,24,1006,1003,1047,0,0,1,0,0,,0,2,2023/3/8 00:00,2023/3/8 00:00
343,28,1007,1003,1046,0,0,1,0,0,,0,1,2023/3/8 00:00,2023/3/8 00:00
344,28,1007,1003,1047,0,0,1,0,0,,0,2,2023/3/8 00:00,2023/3/8 00:00
345,32,1008,1003,1046,0,0,1,0,0,,0,1,2023/3/8 00:00,2023/3/8 00:00
346,32,1008,1003,1047,0,0,1,0,0,,0,2,2023/3/8 00:00,2023/3/8 00:00
347,86,1009,1003,1046,0,0,1,0,0,,0,1,2023/3/8 00:00,2023/3/8 00:00
348,86,1009,1003,1047,0,0,1,0,0,,0,2,2023/3/8 00:00,2023/3/8 00:00
349,3,1001,1005,1029,0,0,1,0,0,,0,7,2023/3/8 00:00,2023/3/8 00:00
350,3,1001,1005,1030,0,0,1,0,0,,0,8,2023/3/8 00:00,2023/3/8 00:00
351,3,1001,1005,1034,0,0,1,0,0,,0,9,2023/3/8 00:00,2023/3/8 00:00
352,7,1002,1005,1029,0,0,1,0,0,,0,7,2023/3/8 00:00,2023/3/8 00:00
353,7,1002,1005,1030,0,0,1,0,0,,0,8,2023/3/8 00:00,2023/3/8 00:00
354,7,1002,1005,1034,0,0,1,0,0,,0,9,2023/3/8 00:00,2023/3/8 00:00
355,12,1003,1005,1029,0,0,1,0,0,,0,7,2023/3/8 00:00,2023/3/8 00:00
356,12,1003,1005,1030,0,0,1,0,0,,0,8,2023/3/8 00:00,2023/3/8 00:00
357,12,1003,1005,1034,0,0,1,0,0,,0,9,2023/3/8 00:00,2023/3/8 00:00
358,17,1004,1005,1029,0,0,1,0,0,,0,7,2023/3/8 00:00,2023/3/8 00:00
359,17,1004,1005,1030,0,0,1,0,0,,0,8,2023/3/8 00:00,2023/3/8 00:00
360,17,1004,1005,1034,0,0,1,0,0,,0,9,2023/3/8 00:00,2023/3/8 00:00
363,22,1005,1005,1034,0,0,1,0,0,+,0,5,2023/3/8 00:00,2023/3/8 00:00
366,26,1006,1005,1034,0,0,1,0,0,+,0,5,2023/3/8 00:00,2023/3/8 00:00
369,30,1007,1005,1034,0,0,1,0,0,+,0,5,2023/3/8 00:00,2023/3/8 00:00
372,34,1008,1005,1034,0,0,1,0,0,+,0,5,2023/3/8 00:00,2023/3/8 00:00
379,22,1005,1005,1038,0,0,1,0,0,+,0,6,2023/3/8 00:00,2023/3/8 00:00
380,26,1006,1005,1038,0,0,1,0,0,+,0,6,2023/3/8 00:00,2023/3/8 00:00
381,30,1007,1005,1038,0,0,1,0,0,+,0,6,2023/3/8 00:00,2023/3/8 00:00
382,34,1008,1005,1038,0,0,1,0,0,+,0,6,2023/3/8 00:00,2023/3/8 00:00
435,96,1045,1003,1046,0,0,1,0,0,+,0,1,2023/3/8 00:00,2023/3/8 00:00
436,96,1045,1003,1047,0,0,1,0,0,+,0,2,2023/3/8 00:00,2023/3/8 00:00
437,96,1045,1003,1017,0,0,1,0,0,+,0,3,2023/3/8 00:00,2023/3/8 00:00
438,96,1045,1003,1018,0,0,1,0,0,+,0,4,2023/3/8 00:00,2023/3/8 00:00
439,96,1045,1003,1019,0,0,1,0,0,+,0,5,2023/3/8 00:00,2023/3/8 00:00
440,96,1045,1003,1020,0,0,1,0,0,+,0,6,2023/3/8 00:00,2023/3/8 00:00
441,96,1045,1003,1021,0,0,1,0,0,+,0,7,2023/3/8 00:00,2023/3/8 00:00
442,96,1045,1003,1022,0,0,1,0,0,+,0,8,2023/3/8 00:00,2023/3/8 00:00
443,97,1045,1005,1029,0,0,1,0,0,+,0,1,2023/3/8 00:00,2023/3/8 00:00
444,97,1045,1005,1030,0,0,1,0,0,+,0,2,2023/3/8 00:00,2023/3/8 00:00
445,97,1045,1005,1031,0,0,1,0,0,+,0,3,2023/3/8 00:00,2023/3/8 00:00
446,97,1045,1005,1032,0,0,1,0,0,+,0,4,2023/3/8 00:00,2023/3/8 00:00
447,97,1045,1005,1034,0,0,1,0,0,+,0,5,2023/3/8 00:00,2023/3/8 00:00
448,97,1045,1005,1035,0,0,1,0,0,+,0,6,2023/3/8 00:00,2023/3/8 00:00
449,97,1045,1005,1036,0,0,1,0,0,+,0,7,2023/3/8 00:00,2023/3/8 00:00
450,97,1045,1005,1037,0,0,1,0,0,+,0,8,2023/3/8 00:00,2023/3/8 00:00
451,97,1045,1005,1038,0,0,1,0,0,+,0,9,2023/3/8 00:00,2023/3/8 00:00
452,97,1045,1005,1039,0,0,1,0,0,+,0,10,2023/3/8 00:00,2023/3/8 00:00
453,97,1045,1005,1040,0,0,1,0,0,+,0,11,2023/3/8 00:00,2023/3/8 00:00
454,98,1045,1004,1023,0,0,1,0,30,+,0,1,2023/3/8 00:00,2023/3/8 00:00
455,98,1045,1004,1024,0,0,1,0,30,+,0,2,2023/3/8 00:00,2023/3/8 00:00
456,98,1045,1004,1025,0,0,1,0,30,+,0,3,2023/3/8 00:00,2023/3/8 00:00
457,98,1045,1004,1026,0,0,1,0,30,+,0,4,2023/3/8 00:00,2023/3/8 00:00
458,98,1045,1004,1027,0,0,1,0,30,+,0,5,2023/3/8 00:00,2023/3/8 00:00
459,98,1045,1004,1028,0,0,1,0,30,+,0,6,2023/3/8 00:00,2023/3/8 00:00
460,99,1045,1007,1043,0,0,1,0,50,+,0,1,2023/3/8 00:00,2023/3/8 00:00
461,99,1045,1007,1044,0,0,1,0,50,+,0,2,2023/3/8 00:00,2023/3/8 00:00
462,99,1045,1007,1045,0,0,1,0,50,+,0,3,2023/3/8 00:00,2023/3/8 00:00
463,76,1043,1003,1046,0,0,1,0,0,+,0,1,2023/3/8 00:00,2023/3/8 00:00
464,76,1043,1003,1047,0,0,1,0,0,+,0,2,2023/3/8 00:00,2023/3/8 00:00
465,81,1044,1003,1046,0,0,1,0,0,+,0,1,2023/3/8 00:00,2023/3/8 00:00
466,81,1044,1003,1047,0,0,1,0,0,+,0,2,2023/3/8 00:00,2023/3/8 00:00
475,101,1045,1009,1057,0,0,1,0,65,+,0,1,2023/3/8 00:00,2023/3/8 00:00
476,101,1045,1009,1057,0,0,1,0,65,+,0,2,2023/3/8 00:00,2023/3/8 00:00
477,101,1045,1009,1059,0,0,1,0,65,+,0,3,2023/3/8 00:00,2023/3/8 00:00
478,101,1045,1009,1060,0,0,1,0,65,+,0,4,2023/3/8 00:00,2023/3/8 00:00
479,101,1045,1009,1061,0,0,1,0,65,+,0,5,2023/3/8 00:00,2023/3/8 00:00
480,101,1045,1009,1062,0,0,1,0,65,+,0,6,2023/3/8 00:00,2023/3/8 00:00
481,101,1045,1009,1063,0,0,1,0,65,+,0,7,2023/3/8 00:00,2023/3/8 00:00
482,101,1045,1009,1064,0,0,1,0,65,+,0,8,2023/3/8 00:00,2023/3/8 00:00
483,102,1045,1010,1065,0,0,1,0,1,+,0,1,2023/3/8 00:00,2023/3/8 00:00
484,102,1045,1010,1066,0,0,1,0,3,+,0,2,2023/3/8 00:00,2023/3/8 00:00
485,103,1062,1010,1065,0,0,1,0,1,+,0,1,2023/3/9 04:58,2023/3/9 04:58
486,103,1062,1010,1066,0,0,1,0,3,+,0,2,2023/3/9 04:58,2023/3/9 04:58
493,104,1062,1004,1023,0,0,1,0,30,+,0,1,2023/3/9 04:58,2023/3/9 04:58
494,104,1062,1004,1024,0,0,1,0,30,+,0,2,2023/3/9 04:58,2023/3/9 04:58
495,104,1062,1004,1025,0,0,1,0,30,+,0,3,2023/3/9 04:58,2023/3/9 04:58
496,104,1062,1004,1026,0,0,1,0,30,+,0,4,2023/3/9 04:58,2023/3/9 04:58
497,104,1062,1004,1027,0,0,1,0,30,+,0,5,2023/3/9 04:58,2023/3/9 04:58
498,104,1062,1004,1028,0,0,1,0,30,+,0,6,2023/3/9 04:58,2023/3/9 04:58
499,105,1062,1007,1043,0,0,1,0,50,+,0,1,2023/3/9 04:58,2023/3/9 04:58
500,105,1062,1007,1044,0,0,1,0,50,+,0,2,2023/3/9 04:58,2023/3/9 04:58
501,105,1062,1007,1045,0,0,1,0,50,+,0,3,2023/3/9 04:58,2023/3/9 04:58
